Actual,Predicted
53050,53181.0
550000,588095.0
70000,75658.0
13900,14709.0
53700,62717.5
72000,73122.0
41700,77660.0
90500,52594.5
59000,57145.0
31500,30243.0
111500,106244.0
78500,78684.0
147700,155575.0
61700,67961.0
70000,55851.0
54500,65548.4
63000,68688.98
57000,60677.0
155000,192979.0
85000,82394.5
86700,80968.0
82000,76198.5
180000,115854.4
174000,115785.0
119000,126613.0
96900,92770.5
118000,119107.0
92000,90651.0
94850,107571.48
45000,44843.5
30000,40380.0
45500,66385.6
82500,79513.0
125500,115877.0
44900,43386.0
115000,111222.0
83000,70180.5
72500,55685.0
100000,102347.4
86500,79066.0
49000,41486.5
26900,28786.0
92500,87731.0
94800,97495.0
63000,61662.5
102500,94351.0
138000,81673.0
149000,150619.0
117000,96773.5
51200,72127.5
35000,37995.5
56500,56459.0
149500,141650.0
31900,32415.0
37000,42965.58
46700,45679.5
94000,85881.0
84200,82762.5
56500,60540.5
22500,46423.5
57800,61363.0
159000,81140.2
93000,85024.0
55000,74831.07
90500,103891.0
82500,85299.0
82700,83529.6
69000,63631.5
116500,69980.0
51000,45450.5
38000,64052.0
126500,72988.0
40000,42630.5
123000,62319.0
47800,62501.5
85000,79784.0
139000,99759.8
93000,86873.0
92500,76484.0
172000,176080.0
204800,203063.0
128000,123418.0
51300,46467.0
76000,71973.0
38800,40631.5
163000,166115.0
119000,145081.0
150000,136785.0
219500,245372.0
112000,111688.0
165000,145930.0
59700,59573.0
72000,49628.0
45000,66574.5
65000,68418.5
140000,98318.0
128500,125792.0
177000,161584.0
197500,183626.0
157000,150950.0
55500,51693.5
65000,74380.0
102000,92326.0
92000,123602.0
32400,35599.0
31000,35785.0
47600,48348.0
60500,45862.39
85000,83095.0
42000,37617.0
79500,78823.0
83500,80659.0
65000,62325.5
33800,72691.5
45500,46097.0
80500,34115.0
223000,183375.0
101000,85818.0
81500,77986.0
105500,107995.0
115000,116484.0
40500,36860.0
72500,95791.0
200000,256705.0
49800,48606.0
62000,96020.0
50000,71538.6
128600,150664.5
47000,64856.8
80000,75332.98
67000,67460.5
81000,68422.5
48900,62356.5
43000,39391.5
70000,85050.0
80000,83330.5
125000,115724.0
96000,76427.0
101000,78283.0
120000,102424.0
84500,90343.0
165000,162218.4
183500,151982.0
135000,124693.0
99500,89276.0
85000,81758.5
72000,89310.0
77000,69057.0
58000,153875.0
63500,66950.0
400000,448760.0
49000,113856.0
103500,97309.0
67000,78164.0
23200,32990.0
109500,114935.0
69000,71316.5
143000,143751.0
108000,106619.8
62000,66630.0
130000,123904.0
82500,81733.5
11500,10948.5
10500,10717.5
11500,10469.2
71200,96355.0
209000,64718.5
95000,91233.5
66000,65411.0
44900,43543.0
200000,187183.0
27300,27351.0
75800,73210.03
130000,112266.5
24000,26482.0
247500,230828.0
135000,128542.0
115000,124773.0
165000,156227.0
640000,569810.0
102000,98855.5
138500,136482.0
135500,129235.0
126000,126868.0
58000,59347.0
110000,96048.0
140000,117213.0
140000,134732.0
59500,60196.0
116000,151438.5
84500,82126.0
125000,121865.0
74000,85453.0
82300,80218.0
79000,72629.5
98000,73042.0
139000,138759.2857142857
41000,40353.0
54800,52169.9
44200,44911.5
125000,115389.0
119500,123346.0
115000,121548.0
85000,91362.5
113000,105228.0
13400,14741.5
142000,160541.0
77000,75444.0
106000,104460.0
134000,78923.0
176000,168157.0
145000,114081.5
61000,58570.0
67450,66404.0
49500,61570.0
110000,104405.0
66000,84595.0
119000,138232.5
74200,79143.5
35800,36552.0
550000,522300.0
86500,67483.92
90000,88172.0
250000,208168.75
93500,82699.0
48300,74150.0
42700,64436.0
75000,73976.0
225000,211564.5
154500,122993.0
110000,52353.5
19700,16531.5
72700,62632.0
72000,66512.0
41700,40129.5
71500,61912.0
50200,41021.5
70500,82479.0
66500,64612.0
38000,60622.37
97000,95081.0
125000,111395.0
67000,64203.3
38000,37130.5
33500,35550.0
51000,48647.0
114300,115353.0
57000,79830.5
127000,121340.0
36000,33825.0
148000,94795.5
59000,62618.0
108000,105558.6
78500,75589.5
45500,42385.0
58000,68315.0
94000,76383.0
38650,37512.0
52800,54054.5
71000,65798.5
9210,16763.0
9210,16734.0
9210,16763.0
73500,55030.0
9210,16734.0
9210,16734.0
53000,57389.5
49800,73392.0
9210,16734.0
134500,129900.0
9210,16753.0
9210,16872.0
9210,16836.0
9210,16753.0
33500,36385.5
250000,186033.0
30000,32065.5
90000,87914.5
92000,98450.0
94000,83437.0
61900,53061.5
58000,52294.0
9210,16872.0
248000,228750.0
58500,60828.5
9210,16872.0
9210,16836.0
9210,16872.0
132500,138072.0
9210,16734.0
150000,97504.0
58250,70880.92
9210,16872.0
9210,16872.0
9210,16734.0
9210,16872.0
9210,16836.0
9210,16872.0
20500,32326.0
9210,16872.0
9210,16836.0
9210,16836.0
51000,38997.0
9210,16734.0
9210,16753.0
9210,16836.0
84000,64151.0
40000,68027.5
153000,104651.5
9210,16734.0
9210,16734.0
143000,135748.0
9210,16836.0
9210,16753.0
9210,16732.0
9210,16732.0
120000,117042.5
9210,16732.0
9210,16732.0
65000,66770.0
72000,73604.0
96000,88364.0
9210,16732.0
9210,16826.0
9210,16826.0
9210,16826.0
9210,16826.0
9210,16826.0
9210,16732.0
9210,16826.0
9210,16826.0
59000,62518.0
9210,16826.0
9210,16826.0
9210,16836.0
47500,41678.5
9210,16855.5
9210,16855.5
100000,94527.0
9210,16855.5
9210,16855.5
9210,16855.5
118000,122783.0
42000,66556.92
9210,16732.0
9210,16732.0
9210,16734.0
198000,120067.0
9210,16855.5
9210,16763.0
45000,47753.0
52500,51517.0
80000,79227.5
9210,16836.0
12630,15462.5
12630,15487.5
9210,16730.0
9210,16855.5
9210,16730.0
92000,92416.0
9210,16855.5
9210,16855.5
9210,16919.5
9210,16730.0
26500,28421.5
9210,16919.5
9210,16919.5
67000,58200.5
81000,91127.5
9210,16730.0
9210,16730.0
9210,16730.0
9210,16730.0
115000,106904.0
119000,118803.0
128000,124911.0
154500,147403.0
142500,145635.0
9210,16919.5
9210,16919.5
9210,16919.5
26000,25176.0
9210,16919.5
145400,139320.0
84500,71257.0
9210,16919.5
9210,16919.5
141000,83325.5
9210,16730.0
70000,97944.5
37200,43448.5
72800,76930.5
12630,15379.5
9210,16966.0
9210,16966.0
9210,16966.0
9210,16966.0
9210,16966.0
9210,16966.0
120000,125061.0
136000,115690.0
9210,16966.0
127500,122285.0
87000,84771.0
50500,60473.0
59000,59536.0
177000,166574.5
9210,16966.0
9210,16966.0
140000,96886.5
148000,121459.0
9210,16763.0
44700,61291.0
110000,117381.0
97000,89518.5
82700,80750.0
12630,15417.5
75000,77613.0
9210,16763.0
9210,16730.0
12630,15484.5
9210,16763.0
70000,68854.0
107000,108494.0
120000,96178.0
9210,16753.0
9210,16753.0
87000,92199.0
27245,27725.5
90000,88796.0
9210,16753.0
106500,102170.5
9210,16753.0
170000,154113.0
9210,16763.0
9210,16763.0
259000,199645.0
9210,16763.0
9210,16753.0
13100,15083.0
49500,48796.0
84000,76166.0
80000,77472.5
75500,74733.5
94000,87111.0
94500,92361.5
82000,76662.0
99500,104680.5
109000,109251.0
81900,69363.5
44000,41886.0
125000,137450.0
105000,102751.0
95000,91818.0
170000,161987.5
139700,137124.0
85250,86857.0
80000,56281.0
78500,95243.0
124000,149391.0
83000,81424.0
96000,96424.0
64000,50775.5
71000,93761.0
72000,68282.0
46000,50646.5
100000,88443.0
102000,101910.0
94700,81596.0
58600,46802.0
90500,73735.5
159000,155980.0
80000,81044.0
95000,87601.0
61000,41494.0
69000,68547.0
65500,68211.0
70500,68204.0
78000,91542.0
60000,58689.0
64000,58254.5
115500,114055.0
99000,107578.8
100500,101209.0
164000,146911.0
176000,191854.0
128000,124963.0
140000,145046.0
89800,94143.0
168000,129702.0
159500,147930.0
122500,116896.0
166500,146334.0
132500,118010.0
103500,100321.5
117000,54891.0
130000,108662.0
155000,128632.0
125800,113511.0
121000,106216.5
120000,109289.0
67000,73742.0
170000,153125.0
180000,167246.0
87800,82307.0
79000,79818.0
118000,114471.0
125000,119831.0
158000,158326.0
91200,78287.5
137500,143493.0
134000,137035.0
160000,143550.0
640000,594890.0
170000,210735.0
266000,276825.0
108000,73000.0
215000,202545.0
136000,70467.5
260000,168859.0
213000,211549.0
187500,170357.0
235000,195384.5
174000,117405.0
130000,139065.0
151000,155604.0
149000,158751.0
69500,66339.0
57900,57280.0
92000,88914.4
60000,62552.5
81500,89523.0
144000,140400.0
97800,80275.0
150000,139647.0
163500,85422.0
190000,162152.0
156000,148827.5
150000,145752.5
259000,237730.0
142500,120973.0
143500,121117.0
130000,123685.0
138000,115029.0
129000,124025.0
120000,136946.0
100000,114243.0
205000,93331.0
100000,87724.0
86000,82145.5
86500,95495.5
144000,142855.0
150000,141373.0
64700,66296.5
110500,116601.0
97000,84543.0
104500,139529.0
150000,111391.0
146500,111423.0
107000,86383.0
108000,101764.8
89000,109559.5
55500,52122.0
86000,79276.0
51000,48346.0
68000,69295.0
36700,37314.0
149000,138307.0
163500,148898.0
110000,103485.0
85500,80614.0
91500,85616.5
94700,86573.0
65300,70380.75
89000,88152.0
108000,108305.0
96000,90330.0
104000,102924.0
121500,119480.0
112000,102315.0
77500,89999.0
107000,108519.0
133000,147858.0
117500,95820.0
94500,79871.0
140000,122111.0
103500,99819.0
86000,89641.0
90000,92528.0
75500,69707.0
147000,147160.0
38500,41202.5
110000,106964.0
133000,129983.0
85000,77901.0
80000,73324.0
77500,70909.5
114000,104277.0
102500,99648.5
77500,60405.9
52000,49649.0
86500,102790.0
91000,94055.5
24700,17595.5
84900,111817.5
70000,71939.0
86500,67790.0
84800,81428.0
133500,128425.0
152000,146439.0
107000,108665.5
49000,53482.0
102000,102017.0
91500,102114.4
115500,107494.9
71000,85318.0
69500,96824.0
48850,47473.54
48000,51092.9
56500,41810.5
104000,99292.5
94300,89676.0
36800,36264.0
73000,71808.0
46700,53302.0
49500,54878.0
45500,45337.0
63000,49871.0
76500,71931.0
35500,33435.0
31000,28369.5
49500,47733.5
48900,47417.5
46700,57727.6
69500,76740.5
72300,69300.0
32000,31904.5
60000,54258.0
93000,87352.0
119000,103706.0
79800,75470.0
65000,68366.0
47500,45895.0
37500,44545.5
67300,41338.5
30000,41097.0
26600,29090.0
134000,122470.0
50000,48837.0
49000,49478.5
73000,81161.94
104000,97422.0
88000,83142.0
63000,73756.0
58800,64250.0
55700,72406.0
40200,41552.5
61000,62047.0
310000,282860.0
247000,232980.0
109500,84250.0
158000,143297.0
262000,255040.0
106500,106498.0
170000,146013.5
86000,89650.5
340000,196255.0
100000,100310.0
119000,61272.5
235000,202037.0
87900,110332.0
230000,268163.0
55000,55579.0
48000,39714.0
134500,123991.0
56000,60514.0
195000,92341.0
64000,50294.0
59500,61958.5
112000,105860.0
60000,77147.0
72000,67621.0
80500,85634.0
90500,77721.0
56000,47784.0
52000,102070.0
63650,63825.5
118500,116045.0
105000,101783.0
86000,86515.0
185000,154599.0
143000,112914.9
48500,54360.0
54000,71089.5
153000,154010.0
80000,70943.5
117000,123443.0
168000,166840.0
52200,46859.0
10200,10454.0
65000,94256.0
113000,80937.0
50000,48931.0
96500,96376.0
83000,78058.0
99750,101773.2
229000,200936.0
270000,236845.0
305000,282255.0
120000,118019.0
137500,125172.0
156000,145668.0
134000,133482.0
104700,107699.0
177500,192078.0
110000,169398.98
80900,90486.0
220000,134629.0
138000,128067.0
130000,120823.0
13650,10313.6
169500,179187.5
64200,70659.0
45500,39315.76333333333
165000,83229.5
169000,152119.5
104300,85986.0
84000,81962.0
99500,102205.0
240000,111320.0
130000,101653.5
225000,201851.0
38000,39859.5
79800,76667.0
93000,102764.0
67000,62993.0
69000,71702.0
59500,62698.59
48500,46004.0
97300,82881.4
54000,54786.0
54500,55500.0
60000,59069.0
115000,132596.5
80000,88130.0
110000,97835.0
47000,50082.0
48000,45490.0
85000,78835.5
62000,62763.5
87000,66001.42
97000,96289.0
73500,76354.0
67700,67481.0
85000,104099.5
89000,85799.0
125000,119480.0
22500,35372.0
87500,121840.5
83000,81041.0
210000,185590.0
124500,117614.0
155000,143730.0
166000,152552.0
59950,41703.5
130000,120237.5
132000,108649.0
61100,66734.0
129000,119548.0
125000,121693.0
56500,43019.0
80000,64741.5
84800,78705.0
19420,17694.5
32500,64162.5
55300,56844.0
62000,63514.0
46800,48971.0
62800,40247.0
81300,71319.0
55000,52668.0
29000,28266.5
50000,79120.5
80500,78773.0
134000,144379.0
20500,18819.785714285714
135000,132599.0
110000,101855.0
68000,125724.0
115000,108353.0
80500,79347.0
45500,45976.5
67300,65985.0
104000,106131.0
91000,86470.0
124500,124680.0
68000,69795.5
92000,73541.5
72000,67439.0
62000,62770.0
96500,91650.5
51600,47729.0
94500,98587.0
133500,130223.0
119500,119421.5
120000,115787.0
75500,81476.5
156000,159590.0
100000,98565.0
103000,103358.0
46700,46634.8
36000,36673.5
130000,136714.0
95000,112250.5
52000,48814.0
246000,209463.0
345000,245435.0
588000,340510.0
505000,337500.0
92500,82638.0
69500,66195.0
565000,553940.0
100000,111945.0
93500,98413.0
62000,62167.8
70000,71644.0
47500,47457.7
48850,43927.5
55500,65016.4
91500,88078.5
87500,110830.0
53000,60748.5
69000,71703.5
69000,67176.0
65300,74550.0
42000,46888.0
192000,188730.0
89500,81802.0
137000,137105.0
90000,94976.0
67000,70197.0
88200,84841.0
238000,217405.0
49800,62300.5
75000,65563.5
115000,85382.5
88800,85690.0
111500,106528.0
67000,67507.5
76900,78553.0
220000,189880.0
145000,134318.0
155500,158795.0
148500,154682.0
193500,175170.0
85000,79727.0
73000,68032.0
50500,63432.0
74000,76023.5
97000,76751.0
71200,67358.5
153000,146215.0
95000,93697.5
50000,49000.9
159000,147508.0
108000,104632.0
132500,125379.0
124500,121405.0
9000,10430.0
52500,53304.0
51400,47850.0
58800,67438.6
180000,184657.0
44000,42504.5
67500,69989.25
122500,122295.0
144500,139467.0
109000,68715.0
39000,76622.0
50000,62074.0
240000,215592.0
103000,77548.0
109000,98623.0
210000,216762.0
65500,77923.0
88500,75843.0
80000,72969.0
84000,71175.0
83000,82964.6
72200,71516.0
104000,95851.0
102250,87738.0
137000,132770.0
55000,52028.0
219500,206572.0
130000,122513.0
21000,23439.0
49800,47080.0
138000,133035.0
165000,95123.5
103700,95689.0
138000,83108.0
61500,59297.0
48500,45264.0
73500,72756.0
171000,155303.0
133000,121744.0
80500,87578.0
71500,70196.0
118000,118273.0
135000,129303.0
43300,75562.8
135000,79287.0
38200,38925.0
53900,104076.5
144700,117419.0
58000,55744.0
55000,56368.0
38950,46255.0
200000,185571.0
118000,121713.5
118000,149315.0
150000,120288.0
101000,103378.0
48700,62252.5
64250,75198.5
43800,70643.0
47500,43233.5
53000,84158.0
124800,87936.0
104700,170617.0
81000,76730.5
125000,125666.0
203000,178487.0
238500,237805.0
175000,166086.0
18000,19224.0
173000,171215.0
89000,109605.5
74000,72766.0
122000,110657.0
39000,40324.0
200000,194057.0
144800,141547.0
30600,61169.5
110000,103933.5
92000,88665.3
262000,222132.0
57000,61598.5
95000,89498.0
90000,86577.0
220000,204560.0
330000,419290.0
55000,59740.5
55750,59175.0
69000,66357.0
142000,136853.0
94500,95839.5
85700,101941.0
57900,48539.5
31500,28182.5
44000,41481.5
50400,51172.0
39900,43357.0
56800,55798.0
40500,40969.5
113000,104632.0
37000,86333.55
113000,112004.0
103000,49507.0
76000,73905.69
89900,96090.0
250000,234750.0
198000,185125.0
125000,89655.0
170000,129955.5
317000,270495.0
103000,159052.0
107000,115178.0
170000,168756.0
239500,224100.0
102000,102920.5
158500,85484.0
82000,80233.0
92000,101772.5
102500,79734.5
40000,34600.33333333333
68500,72172.0
19250,27763.5
70000,96611.0
97000,79839.0
73500,71661.2
83800,79521.0
46000,57314.4
91000,87608.0
93000,93495.0
115000,104703.0
140000,137892.0
79000,81018.56
84500,84182.0
78250,67059.5
77000,77149.5
57000,69396.0
48200,51370.0
59800,60741.0
37000,35787.5
59900,57584.5
53000,41507.5
73300,62970.5
68000,67394.0
82500,70822.0
72300,65489.0
47500,46764.0
46000,54408.0
49500,55090.0
58000,57978.0
56300,55836.0
44000,56125.0
80000,74897.0
45000,36868.0
41000,62199.87
51750,51673.5
122500,114250.0
49750,51330.66
58500,76135.5
86800,92984.5
100000,79973.0
114000,107732.4
97000,102519.0
110000,93084.5
76000,70120.0
91000,94378.0
108500,102008.0
80000,78083.5
23000,27971.0
15500,14627.0
115000,123444.0
114000,103746.5
66000,70736.9
98000,97230.0
149000,147595.0
149500,115338.0
180000,167229.0
73000,74356.0
109000,105655.0
21000,22339.0
121500,119055.0
58500,43297.0
87000,84097.0
17000,34915.5
14000,24075.7
77000,75366.5
54000,53596.0
83000,101863.0
71700,70343.0
100000,101763.0
109000,101476.8
240000,231125.0
109000,87298.8
94000,103788.0
96000,82757.0
68000,66032.0
82500,92209.1
119500,119165.5
109500,109974.0
100000,90918.0
103500,94335.0
150000,163842.5
114000,116347.0
250000,244527.5
350000,320085.0
260000,252560.0
100000,103681.0
160000,80093.0
130000,108787.5
140000,133500.0
93500,82116.4
156000,139016.0
86200,80373.0
100000,113577.0
35000,39725.0
38400,37609.0
224000,165200.0
53800,48748.0
92500,88469.0
60800,61747.4
135000,124222.0
28000,26541.5
105500,99167.0
15300,15732.5
140000,133069.5
99000,107790.0
139000,132854.0
52000,51235.5
129000,130316.0
134500,139879.0
59000,58612.0
185000,209133.0
59600,58379.0
190000,180325.0
155000,160841.66666666666
44000,50766.5
28500,25533.0
57500,64894.5
54500,52990.0
210000,204367.0
170500,166410.0
95000,76891.5
129500,120952.0
14500,13696.0
133500,161703.0
116000,122432.0
95000,89838.0
51000,52551.0
62000,60883.0
87000,81086.0
104000,99888.0
86000,102061.0
123000,116526.0
115000,81984.5
21000,28854.0
280000,137556.0
59000,68052.0
57500,50159.0
95500,89769.5
60000,49246.94
136500,115631.5
73000,66400.5
81000,81906.0
77000,73570.0
72000,75437.5
53000,55162.5
43000,43341.0
105000,98262.5
98500,118397.0
84000,82173.0
150000,142195.0
58000,59706.0
67500,70612.0
111700,119079.0
95000,90897.0
69000,70541.0
139000,131146.0
297500,293944.0
288540,279541.0
418000,212154.5
58000,105682.0
63000,72721.0
72300,65794.2
15900,14722.0
112500,99641.5
122700,118205.0
66000,65387.5
85200,84092.0
56000,54480.5
81500,82093.0
70000,66427.0
600000,416567.94
159000,150679.0
84500,92930.5
80000,96954.5
106700,102038.8
58500,57916.5
112800,102675.0
102000,79595.5
130000,97782.0
71800,66790.5
19000,19254.5
119000,137277.0
164000,123066.0
125000,126373.0
114500,108358.0
89000,70967.0
184000,159339.0
63000,86713.0
118200,92211.0
230000,214723.0
210000,202497.0
107500,114436.0
35000,35775.5
66300,69721.0
74750,73497.0
390000,374270.0
74500,69690.0
144300,138586.0
147500,77943.0
116000,114132.0
259000,235303.5
85500,76152.0
92800,80678.0
50000,55239.0
88000,78325.0
102500,85336.5
107500,100974.0
100000,95800.0
80000,110340.0
35000,35668.0
79500,75317.5
59500,56406.0
66500,60789.5
60500,77753.0
38000,34837.0
47900,46692.0
69500,86871.0
79000,76691.0
68000,85632.5
62000,59708.5
40000,42743.0
147000,92902.0
57000,88407.0
162000,158826.0
128000,117553.0
130000,136652.0
65000,61917.0
99000,100819.0
91500,89102.0
73000,79448.33333333334
333000,315805.0
330000,313615.0
59500,66882.5
77000,77474.1
53000,53476.0
95000,83866.0
58000,53617.5
183000,169148.0
37500,42100.5
75000,75254.5
49000,48779.0
149500,154602.0
166000,95038.5
180000,149696.0
21000,20658.0
75000,72080.5
94000,90066.0
122500,110907.4
172200,152305.0
71500,70599.0
77700,71475.0
164000,182390.0
198800,176900.0
86000,90013.0
69000,57074.4
126000,121702.0
61500,59791.5
107000,105211.0
188000,155616.0
118000,92956.0
130000,99801.5
105000,103702.0
170000,156199.5
120000,114872.0
140500,138796.0
95000,91064.0
192500,177047.0
91000,110238.0
69500,65359.0
66800,63141.0
130000,108829.0
119500,98233.0
82700,79833.8
108000,102848.0
93100,107008.5
95500,76616.5
84000,71330.5
144500,148693.0
97500,91432.4
181000,163309.5
106000,98836.0
51300,47315.0
154000,148880.0
11500,12306.6
128500,81837.5
78000,76682.0
59950,56375.4
88800,84712.0
111000,109508.0
139800,137221.0
222000,213205.0
93000,118071.0
112000,122857.0
202000,197194.0
41800,43174.0
78500,79482.0
64750,73181.5
102000,95049.0
50000,46679.0
137000,67707.0
160000,150342.0
155500,157008.5
117000,117286.0
71000,67730.0
53500,62529.0
110000,98915.0
86500,75853.5
73000,78241.0
73500,73287.0
92500,105865.0
107000,91028.0
61300,54047.5
67500,63615.5
180000,120488.0
248000,217685.0
64000,48420.0
74800,83892.0
99000,92057.0
89000,100191.0
62000,81102.34
310000,256115.0
252500,253430.0
247000,252535.0
143000,139155.0
280000,104516.0
92300,89475.0
269000,97982.0
203000,100158.5
256000,200796.0
183500,105488.0
197000,125962.0
80000,95864.0
120000,95686.0
137500,98699.0
154500,82584.4
163000,116055.0
119000,109600.0
90000,90009.0
145000,136642.0
104000,103860.0
58000,57589.0
58000,58021.0
249000,237149.8
96500,91116.0
138000,112494.0
116000,117620.0
115800,94177.0
195000,206595.0
89500,80669.0
67900,64952.5
133000,109230.0
61000,40248.0
160000,121451.0
71500,75403.0
77000,82935.0
52000,43912.0
51000,46134.5
64000,64632.0
51000,54824.0
52500,47080.0
89000,81991.0
46000,62241.0
58000,73126.0
105000,98207.0
90000,73059.5
94500,141741.0
114000,116607.0
88000,84122.5
118500,115072.0
90000,82845.0
192000,118088.0
223000,105170.0
117000,107054.0
118000,113630.0
110000,107385.0
140000,133087.5
115500,56407.0
162000,164080.0
90000,92499.0
174500,181697.5
157000,146845.0
64900,62019.5
98000,100598.0
97000,91418.0
72500,70692.0
122000,118333.5
148000,145400.0
55000,55468.0
44500,50491.0
58000,53663.0
121000,121641.0
168000,165110.0
93000,79346.3
120000,85319.0
142000,133840.0
134500,135004.0
155000,151750.0
144000,149428.0
159500,149505.0
180000,168915.0
100500,96403.0
150000,149019.0
97000,92758.0
134000,122565.0
127000,120738.0
99500,123590.0
94800,124299.0
101000,94565.5
108000,107354.0
85300,85830.0
79000,127092.0
84000,64898.0
76000,70543.7
72700,81536.0
73000,55232.5
70000,55102.5
165000,164932.0
95300,75196.0
89800,154755.0
119000,59956.5
98500,93743.0
90000,94752.0
85000,79865.2
60000,69366.5
50500,57791.0
49000,51010.0
72000,61503.0
51300,67964.0
35000,60848.37
51000,66384.0
83000,69635.5
135000,133717.0
185000,256860.0
224700,274238.0
340000,263984.0
102700,96130.0
57500,71516.0
96000,104740.0
145000,139515.0
118000,125340.0
26500,31829.5
91500,52927.0
116500,111193.0
113000,111043.0
145000,141500.0
130000,108505.5
69500,65892.2
103000,91724.5
75000,71874.7
65000,60771.0
71500,72282.7
84000,73796.5
85500,78085.5
83000,78376.0
85500,76672.99
77000,75791.0
142800,132984.0
170000,159780.0
145000,147937.0
42200,51949.0
190000,160408.0
152000,99330.5
83900,78433.0
116000,106787.0
175000,153540.0
47500,50322.0
50800,48526.0
127500,121300.0
44000,65193.5
175000,169492.0
165000,157001.0
70500,47329.5
94000,92638.0
85000,82753.0
56000,56385.0
72500,75950.0
52000,59376.0
153000,141507.0
180000,156500.0
144000,129420.0
160000,153845.0
75000,63143.0
129000,130299.0
66000,65253.5
75000,102567.4
93000,93762.0
83500,72031.0
101000,77295.0
105000,97390.0
154000,139488.0
116000,115146.0
119000,116409.0
93500,84450.0
125500,58295.0
161500,88774.0
81000,78966.9
81500,76676.0
190000,190278.0
70000,67700.5
81500,75966.0
105000,107766.0
120000,116143.0
215000,252050.0
180000,172800.0
211000,195307.0
94000,101906.0
82900,84962.0
141800,70588.0
233000,203039.0
119000,122757.0
89000,85618.0
114500,94589.0
110000,111510.0
111000,85405.0
123000,127294.0
154000,151495.5
67200,70602.0
97000,82502.0
138700,123697.0
52500,47825.0
128500,140603.0
80000,71526.5
86500,87011.5
68000,64908.0
267000,274402.78
99000,101662.2
90000,78884.0
58500,65030.77
89000,84733.0
139500,133508.0
137250,141103.0
104800,100204.0
94000,91494.0
53000,89686.0
72000,58023.0
71000,61793.0
156000,148628.0
125000,120807.0
170000,157599.5
132500,109431.5
105000,173857.0
91000,87860.0
91800,84321.0
67500,66951.0
82300,81124.0
70800,63595.5
78000,76516.5
72700,64980.0
79000,88698.0
185000,162920.0
170000,166880.0
107000,103801.0
95700,91567.5
109000,104715.8
113000,107766.0
116000,125262.0
109000,119933.0
74500,73135.0
140000,71369.0
76500,71187.0
60000,60329.0
79000,72799.0
44200,44642.0
253000,167584.0
90000,87545.0
86500,72615.0
85000,108291.5
117000,122836.0
56000,56594.5
65300,90740.66666666669
102000,101220.5
108500,113016.55
71000,79595.0
56900,54990.0
61000,59202.99
225000,197000.0
295000,300065.0
71000,72158.0
64500,62664.0
59900,53540.5
93000,73700.0
69500,45928.0
82000,101912.0
78000,78695.6
43500,59806.0
126000,109306.0
131000,108776.0
110000,103637.0
50000,49468.0
133000,122685.0
45500,44323.0
44000,40273.5
59900,61429.0
88000,83805.0
147000,136228.0
40000,39632.0
81000,73459.0
59500,60234.0
74000,74142.0
48000,43372.0
69000,67723.0
55500,54386.0
36700,35330.5
68000,71308.4
92800,82768.5
129000,122413.0
109000,82992.0
108000,102902.0
40000,37348.0
157000,158273.0
84000,84818.5
114500,106596.0
90000,86361.0
72500,70181.0
145200,154415.0
190000,159478.0
69500,67625.0
64000,64960.0
82000,74296.0
101000,89015.0
145000,136143.0
85000,85048.0
520000,551070.0
174000,151257.0
72000,73917.0
72000,73917.0
78000,80877.5
78500,73737.0
82500,83352.0
49000,57374.4
157000,125322.0
86500,79528.0
153000,143422.5
107500,100083.0
100000,104983.0
120000,121835.0
125000,114602.0
105000,94539.0
121000,115458.0
103000,98502.0
80500,69821.5
52000,47319.0
255000,263449.0
200000,171677.0
186500,187954.0
162000,211623.0
395000,316803.0
79000,60352.5
53500,53040.0
130000,127494.0
120800,129250.0
110000,127688.0
60000,61207.5
69800,66357.0
113000,103856.0
112800,103754.0
67000,55080.5
59800,57015.0
68000,72364.0
60000,56837.0
82000,82467.5
108000,117939.0
104900,114599.0
45300,42258.5
115000,109273.0
100000,95591.8
65000,64252.0
49500,42278.0
250000,192982.5
260000,190672.5
218000,177485.0
85000,78562.5
46000,48386.0
70000,72831.0
159000,154632.0
182000,160065.0
56300,57967.0
32600,63662.0
123000,125113.0
179000,170206.0
115000,112065.0
110000,103203.0
76500,72799.0
89000,86133.0
79000,73034.5
66000,64326.5
87000,84356.0
68500,65727.0
80000,85564.0
67300,56991.8
65000,68235.96
86500,82123.5
36000,34758.0
70000,69004.0
69800,62410.0
106000,86542.5
72000,72579.0
31000,32154.0
32000,71777.5
53000,48897.0
103000,82335.0
102000,80681.5
69000,70753.0
59000,87952.0
94000,85631.5
53000,49028.0
39000,40312.0
83000,86224.0
66000,71969.0
120000,89474.0
166000,103795.0
335000,303509.81
170000,146857.0
300000,275428.41
98000,78643.0
103000,77764.5
129500,97397.0
100000,76578.5
111000,111710.0
13500,11518.0
55000,59542.3
59500,59338.0
71000,63401.0
63300,65858.5
57500,62509.8
13000,12749.75
102000,101872.5
90700,64965.0
124500,62882.0
56000,60333.5
66500,60581.5
49200,42860.0
59300,63993.5
70000,60601.0
67500,80783.0
69000,84514.5
57300,58479.5
130000,131375.0
120000,106377.5
82000,77513.5
80000,79606.0
40500,40484.0
38000,41070.0
100000,92354.0
110000,89046.0
176000,152117.0
59000,51798.0
128600,111803.0
124000,114922.95
145000,135922.0
187000,111425.5
88000,90273.0
100000,116947.0
50500,62179.0
58000,59683.0
30000,38613.5
89500,93228.0
119000,116625.0
97500,96105.0
92000,93118.0
150000,136631.0
133000,127914.0
114500,109431.0
102000,96528.0
98500,93613.0
117000,113620.0
112500,109054.0
60000,58968.0
117000,90787.25
138500,119687.0
181000,155666.0
88500,92748.5
157000,146986.0
115000,136722.0
135000,136913.0
114000,101115.5
101000,100496.0
89300,86630.0
91000,96479.5
90000,84347.0
90000,83787.0
51800,55247.0
144700,66743.0
145000,139927.0
137000,112459.0
81500,81119.0
39900,37237.0
247000,236749.98
260000,243015.0
250000,189815.5
190000,174452.5
257000,190557.5
57300,54039.5
52700,53990.5
71000,68486.0
65000,40678.0
84900,58681.5
71500,68929.0
78000,83205.0
143000,110194.5
490000,340800.0
265700,260448.0
49300,47332.5
105000,92702.0
152500,155406.5
200000,125036.0
194000,183210.0
166000,172995.0
330000,440110.0
85500,82193.0
94500,101246.0
142800,126545.5
119000,111047.0
107500,107058.0
50000,69082.0
35300,38493.5
56500,58238.5
390000,368460.0
33000,31556.0
70000,71183.0
86000,104311.0
135000,114876.0
59000,58523.0
65000,58561.5
72000,69971.5
54600,52617.0
210000,269055.0
105500,74835.0
185000,176625.0
16500,14694.0
24750,34743.0
245000,239180.0
308000,304985.0
263500,282865.0
30000,31308.0
94000,91354.0
110000,108165.0
111500,109553.0
93000,85180.0
180000,185810.01
247000,202184.5
234500,208725.0
199000,199823.0
230000,217080.0
90500,87293.0
120000,127079.0
106000,100812.0
110000,110237.0
307000,309135.0
100000,87152.0
129000,121496.0
130000,112103.0
104000,169343.0
89000,78184.0
54700,53632.0
138000,127827.0
280000,210697.0
130000,133566.0
127800,119874.0
147000,133088.0
100000,87870.0
172000,168935.0
58000,56469.5
93500,89762.0
85000,83445.0
105000,101710.0
90000,89374.0
152500,150467.5
148000,154499.0
156000,158496.0
139900,138445.0
80300,85059.0
83000,81097.0
136500,116710.0
58500,56966.0
63500,58951.0
95000,87993.0
151000,147407.0
120000,121013.0
95000,95497.5
121800,60841.0
195000,192654.0
165000,155715.0
150000,126177.0
127000,118800.5
78500,69609.0
146500,126633.0
162000,122568.0
110000,104289.0
93000,91232.0
69500,75904.0
105000,103911.5
147000,137889.0
160000,128350.5
103000,100421.0
79000,77948.5
104500,99943.0
54600,81617.33333333334
108000,106195.0
65500,70121.5
145500,91921.0
90000,85215.0
116000,94451.5
79500,73436.0
138000,134640.0
57700,58506.0
43500,69486.5
180000,148879.0
180000,150129.5
133700,86861.5
121000,127593.0
103000,97917.33333333331
92500,85071.0
93000,89292.0
225000,214102.0
80050,81476.5
109500,85422.0
166000,144435.0
107500,104598.0
75000,69243.23333333334
125000,123770.0
84000,90510.5
94000,93814.0
71000,77274.0
95000,71711.6
138000,78785.0
128000,119315.0
100000,99553.5
130000,125115.0
139000,131037.0
163500,126427.0
77800,79963.0
103000,99145.0
37500,47805.0
98000,94318.0
73500,74451.5
69000,73814.0
66000,66655.0
297000,294510.0
74500,67681.5
84500,80175.0
117000,115547.0
65500,72858.0
101000,104970.0
63650,65121.5
59700,55890.5
107500,102233.0
24000,23995.0
79700,89128.0
270000,251000.0
75000,68601.0
35000,56451.0
145000,144000.0
59500,60609.5
129000,108925.0
97000,92357.0
72500,93169.0
70500,69990.0
54500,55593.8
57500,58177.0
96000,97635.0
130000,123530.0
40700,42023.0
80000,69650.5
134000,120871.0
73500,68772.0
99000,100506.5
41000,37622.0
169500,124576.5
111500,110259.0
296000,290770.0
61000,69488.0
97000,104404.5
17500,16792.0
204000,194473.0
69800,68549.9
210000,210525.0
175000,168149.0
57300,65150.0
288000,137777.5
167500,157260.0
68000,69668.0
40000,37723.5
452000,378220.0
79800,93721.4
97000,71228.5
37800,35359.0
38000,35285.5
49000,54947.0
55000,58348.5
49000,89713.0
57000,59480.0
67000,68243.0
183000,185224.0
114000,112355.78571428571
40750,46419.0
38000,39062.5
80000,81387.0
82800,85668.0
69000,76809.0
35500,35369.0
87000,87697.5
104500,108402.0
30400,28948.0
154000,144370.0
28100,28881.0
122500,112975.8
24500,22892.0
95500,94221.0
134500,131805.0
143500,133330.0
135000,129554.0
153000,159095.0
120000,113519.0
177000,180205.0
98000,100369.0
155500,139705.0
79500,71867.0
80400,83738.0
47300,46466.0
111000,86633.5
138000,123356.0
64800,66694.0
65000,72240.0
20000,15245.738095238097
240000,227680.0
250000,238039.98
237500,226529.8
113000,67616.5
48000,60705.0
248000,214248.0
123500,109459.5
53000,69595.6
90000,88837.0
96000,68393.0
160000,132902.0
154000,157184.0
134000,116795.5
114700,112570.0
107000,105427.5
95000,62860.94
94000,65073.0
56000,60529.0
69200,64099.0
80500,75780.0
71000,67103.0
93500,88561.5
96000,94576.0
107000,116452.0
91000,85497.5
77000,49035.9
67500,65709.0
250000,280820.0
455000,458550.0
76000,66086.0
62000,59015.0
87500,69199.5
169000,160299.0
110000,107823.0
47500,66328.0
90000,70652.0
85000,82532.0
99500,125923.0
89700,80821.0
119000,106062.0
124000,119542.0
55800,71280.5
73000,74964.0
78900,81554.0
56000,52613.0
79000,77464.0
52400,54032.5
69100,73230.0
109000,117581.0
52700,56181.0
81000,81997.0
75000,66601.0
87000,79964.0
92500,93943.5
68000,64204.98
54000,51362.0
165000,239847.0
50000,49182.0
143800,139830.0
72000,59781.0
71000,68741.0
82000,79271.5
220000,199060.0
33800,45784.5
33800,38960.5
103000,69767.5
58000,68126.0
51000,48019.5
267800,262050.5
238000,178962.5
253000,189174.5
74000,67606.0
109000,148582.0
280000,104476.0
140000,148086.0
76000,93610.8
225000,212845.0
225000,222065.0
71800,98662.0
193000,181718.0
98000,116046.5
220000,271616.0
226000,216360.0
89500,83293.0
110000,106883.0
230000,213253.0
250000,217770.0
104800,96863.0
170000,166895.0
140500,127074.0
120000,114278.0
195000,127696.0
300000,142030.0
127800,127989.0
163000,103738.5
330000,314905.0
68500,71375.5
116500,135511.0
95250,92970.0
56000,91077.8
78000,81913.0
73000,70815.5
144500,103201.0
82000,77213.0
120000,122010.0
84500,64916.0
72800,50343.5
124000,105181.0
99000,80879.0
204000,178620.0
127000,124995.0
111000,87018.0
104000,85615.0
120000,116688.0
120000,115906.0
119500,113620.0
350000,237779.5
87300,85349.0
144000,137825.0
248000,175230.0
105000,86922.0
85750,82732.0
250000,220180.0
38500,38484.5
241000,203409.5
230000,228084.6
114000,56658.5
65000,110533.5
152000,132388.0
94500,108690.0
149000,145403.0
95200,44425.0
84000,84034.0
108000,97479.0
164000,161925.0
99000,92470.0
91000,74376.5
165000,151694.0
89900,101003.0
36000,33606.0
32000,30979.0
51000,56548.5
86700,84760.6
85600,85186.0
70500,71803.0
59000,52706.5
50000,49410.0
214000,198145.0
290000,275740.0
68000,43867.0
150000,157355.0
74900,84700.0
118000,113101.0
80000,65595.0
57000,57663.0
83000,78481.0
369000,368470.0
210000,194635.0
50000,48954.0
73000,72980.0
90000,89752.0
78000,78640.0
63000,70081.5
143500,135235.0
140000,92518.44
60000,61961.0
60000,53422.9
89500,85370.0
268000,265268.0
312000,305405.0
55000,50487.0
40000,36022.0
88000,83858.0
53000,49398.0
145500,148831.0
162000,136474.33333333334
120000,126522.0
84500,78207.0
137500,122549.0
177300,175318.0
80000,68770.5
128000,127980.0
85000,65766.0
38400,63813.5
72000,70222.0
143000,138065.0
67000,69486.0
83000,81157.0
38000,60969.87
45500,45791.0
38400,63813.5
95000,101831.0
38000,60969.87
36500,36834.5
119500,62720.0
35200,35957.5
65000,76672.5
123000,89558.9
59900,56066.0
66000,65795.0
28500,27132.0
119000,99872.0
46300,49600.0
38500,37986.5
68500,65426.9
270000,265412.0
173000,206390.0
83700,84929.0
240000,226628.0
190000,188971.0
79500,74200.0
88500,84834.5
185000,182035.0
148000,116595.5
100000,83877.0
104800,98393.0
75000,75100.4
30000,31819.79
40000,39982.5
62000,60895.0
88000,84385.5
95500,89413.0
67000,56635.0
120000,116579.0
61500,62759.0
318000,351474.74
119000,79805.5
160000,149534.5
64000,64630.49
110200,174575.5
136000,136500.0
52000,52755.0
127000,114884.0
79000,76897.5
134500,120145.0
73000,74027.0
56000,55734.75
46000,43430.0
68000,64113.49
74500,71935.7
89700,98655.5
185000,183635.0
105000,100539.0
142000,136954.0
105000,106916.0
158000,177564.0
89800,89264.0
112000,111798.0
125000,131995.0
62900,63028.0
78000,75078.0
62000,60699.0
71000,61346.0
48500,40935.0
72000,67924.0
48400,48837.0
138500,134710.0
99500,111102.5
79000,74449.0
95000,83638.0
85000,94633.5
12000,11724.366666666667
75000,81937.2
40500,48562.5
81000,80497.0
630000,759320.0
60000,61864.0
129000,126324.0
152000,144033.0
193500,201934.5
118000,117572.0
126000,116616.0
182000,195343.0
122000,113205.0
108500,108115.0
176500,176243.0
330000,243940.0
43000,55148.0
109250,101580.0
65000,64813.0
147000,141875.0
165000,115816.0
67500,81707.96
149500,82180.0
114500,95341.5
105000,114371.0
110000,102294.0
64800,67370.0
88500,58721.5
82000,78373.0
274000,247035.0
230000,105176.5
108000,107220.0
136500,130574.0
55200,49176.0
65000,94262.0
57000,71840.0
87000,87747.0
47000,44806.0
41000,41675.5
55500,56263.0
97000,89389.0
109000,101629.0
71800,70885.0
245000,246607.5
335000,309265.0
113500,129200.0
67500,63015.0
39000,38062.0
57000,52307.4
89000,83878.0
72000,67327.0
128000,124292.5
84000,83181.5
133000,128907.0
22500,22782.0
65500,65569.0
93000,94058.5
106600,101109.0
71000,51624.9
70000,51809.5
60000,53867.7
167800,165321.0
149000,145410.0
408000,358140.0
40300,37474.0
78800,74982.5
70000,80031.5
69000,66399.0
54000,50393.0
268000,266005.0
230000,217826.0
139500,150991.5
85500,83492.0
64500,53591.4
60000,61705.0
82700,77258.0
84000,84238.5
92800,86694.0
74800,59835.5
64500,62526.0
86000,79392.0
63000,70155.5
46200,73239.5
226000,216455.0
98700,88067.0
16700,14402.0
148000,141707.0
277000,304450.0
250000,262545.0
65000,72473.5
237500,220569.0
162500,144512.5
93700,78513.5
86000,107947.5
90000,108355.5
223000,197666.0
54500,70131.5
71000,69692.0
170500,179528.0
138000,135841.0
140000,132853.0
45000,46737.5
101500,110096.55
47000,35476.74
129500,77956.0
90000,51198.5
89000,90177.0
250000,202361.0
318000,297105.0
242000,169760.0
102000,97439.0
111900,85825.0
155500,141650.0
112000,96820.0
173000,163995.0
130000,173841.0
173000,158572.0
103000,66628.0
67000,55416.7
72000,65850.0
87500,74535.0
68000,66930.0
84700,85547.5
114000,105634.0
82500,91380.0
45000,49145.0
360000,347800.0
380000,367350.0
133000,98497.5
57000,52755.0
161000,140803.0
270000,292725.0
75000,74326.0
79500,74749.0
75000,83105.0
120000,126480.0
124000,119337.0
79000,108615.0
70800,76223.5
207000,211332.5
151000,118853.0
49500,63966.5
76000,72134.5
90000,80090.0
77500,79179.4
61700,57338.0
89000,85016.0
49000,42718.0
134500,129347.0
430000,427312.0
158000,157650.0
119300,109318.0
142800,62399.0
114500,55166.0
125000,108820.0
32000,33141.5
30500,29468.0
96000,91829.0
112500,110945.8
180000,165970.0
86100,76142.12
38300,40361.5
115300,50429.0
129000,75868.0
66200,68281.0
45000,79473.0
46000,40063.5
199000,196244.0
61000,55239.0
48900,43687.5
71000,67053.5
54750,54436.0
63500,64386.0
97500,90793.0
118000,116246.0
55500,57563.0
98000,95325.5
39800,34416.0
18000,17088.5
81500,71600.0
47500,75829.25
155000,93806.94
172700,154352.0
100000,96161.0
165000,148806.0
41000,67622.5
112000,93920.5
59500,47280.0
71500,75231.0
163000,152174.0
112700,125486.0
151000,104687.0
143000,80775.0
43300,42572.0
184000,167571.5
80500,91752.0
38000,38035.0
34000,44120.84
52000,46481.0
275000,262607.5
151000,132954.0
123500,111693.0
46500,42354.0
133500,83037.0
114500,115996.0
87500,65932.0
90800,52923.0
121900,123983.0
45000,44167.0
91000,87660.0
79000,82504.0
162500,159268.0
103000,103638.0
36000,36182.5
108800,108975.0
119000,133458.0
89000,94309.5
109500,108844.0
162500,152053.0
87000,83054.0
88000,85143.0
140000,133750.0
46000,46571.08
67000,64566.0
60000,61327.0
57500,61974.0
70500,74183.0
129500,114784.0
105800,101286.0
143000,133722.0
98500,99056.5
68700,66401.0
280000,267335.0
78700,68586.5
68000,70620.0
69800,64060.0
14000,12251.0
143000,135245.5
107000,100957.0
102000,97423.0
110000,105973.0
46000,46248.0
186000,171406.0
173500,158896.0
69000,67286.0
252000,253555.0
48000,56705.0
123000,119370.5
80000,82041.5
46900,41923.0
99250,92554.0
100000,90018.0
14800,14886.5
127700,109320.5
136000,124740.0
110000,86591.0
49800,53717.0
91000,95275.5
81700,60564.0
60000,66122.0
74000,65790.5
73000,74509.0
50500,50328.5
123500,120840.0
117800,123578.0
32000,34267.5
104000,103700.0
88500,83273.0
69000,69396.0
112000,111463.0
100000,83805.0
217000,194898.0
135500,131930.0
40000,46275.61
30000,29815.0
149000,140960.0
84000,86035.0
55800,82073.5
134000,133830.0
136500,131155.0
103000,102797.5
103000,105343.0
68500,70160.0
68000,67897.0
116000,115477.0
71500,65360.0
126500,67704.0
97500,95410.0
140000,138877.5
258000,228898.0
82500,70810.0
35000,38148.0
125000,116042.0
320000,309493.0
119800,114917.0
140000,152465.0
186000,168062.0
106500,104530.2
103300,78911.5
120500,108224.5
85000,83510.0
195000,195740.0
60000,64775.0
158000,82135.0
225000,206054.0
81000,76749.0
102000,92404.0
130000,131611.0
80000,77095.0
65500,65887.5
86000,86673.0
50100,48917.0
68700,66344.5
71500,70520.0
86000,58191.5
105000,98481.0
91000,89237.0
142000,131294.0
30000,29224.0
410000,395345.0
307000,305560.0
249000,210987.0
115000,106543.0
73500,62142.47
89600,84090.0
75000,66198.5
84000,81022.0
60500,57721.98
59500,67439.0
98700,90843.0
22300,28458.0
48000,61561.5
80000,64932.0
120000,111383.5
170000,161740.0
122000,187133.0
74000,75916.0
163000,151988.0
110500,110323.0
108000,99779.5
133000,120663.0
106000,96164.0
140000,144593.0
118000,108594.0
70000,81914.0
91000,97928.0
121000,119134.0
167000,116705.5
500000,411430.0
495000,456610.0
74500,75849.0
46000,48278.5
35500,32952.0
260000,234141.0
77800,69948.4
39500,44170.0
179000,128941.0
69000,48405.5
80000,61857.0
84500,80682.5
183000,189886.0
190000,194790.0
150000,135043.0
35900,44349.48
123000,117020.0
116000,116265.0
121000,125026.0
150000,115449.0
82500,79597.5
81000,54879.14
56500,60655.5
135000,137418.0
125000,122350.0
114000,91357.0
201500,189030.0
40500,39421.0
165000,180975.0
107700,86101.5
75000,69520.0
109500,94672.5
302500,252443.0
150000,140635.0
89000,107084.5
95000,88845.5
93000,96722.0
130500,126932.0
172500,159479.0
92000,107785.0
70800,69009.0
105000,105564.5
125000,118860.0
300000,137413.5
118000,115693.0
55500,60924.5
63000,60595.0
188000,178554.0
65700,61790.0
90000,85439.0
20300,23709.5
350000,306290.0
114500,82992.0
114500,112262.0
106000,122002.0
73000,90260.0
193000,185521.0
125000,133826.2857142857
249500,246975.0
219500,208946.0
84500,82327.0
49000,49370.5
100000,91666.2
120800,114440.0
119000,107110.0
93000,89137.5
100000,100187.0
105000,100499.0
153500,151381.0
111500,105969.0
154000,139280.0
166000,161917.5
99000,93943.5
64000,56612.0
240000,225645.0
85000,80145.0
86000,88051.5
135000,112885.5
175000,168795.0
57000,53605.0
69000,50947.9
138500,131019.0
112500,103305.5
145000,139712.0
87500,86709.0
55000,53906.0
50000,48728.0
219000,103920.0
68500,84039.0
120000,112659.0
51000,47736.9
79700,77623.0
238000,228681.0
45700,46554.0
84000,83528.5
66900,66065.0
149000,121100.0
112000,68294.0
63500,66156.0
79000,73502.0
560000,558610.0
390000,349450.0
98500,94738.0
172000,172425.0
230000,217510.0
62500,95663.0
228000,207898.0
47000,58276.0
96500,94805.0
66500,66453.0
117000,125260.0
86500,92903.0
66800,60108.0
131200,76694.5
100000,97475.0
160000,150227.0
109000,98054.0
115000,107057.5
154500,125319.0
62700,65308.0
80000,83584.0
149000,139678.0
152000,148864.0
162500,162947.0
35500,35089.0
161000,122073.44
135000,137260.0
123000,105790.5
137000,136204.0
188000,178500.0
114800,93443.5
70000,75622.5
83500,133984.0
123000,124691.0
47000,40599.5
99800,97393.0
86500,75963.0
67000,63932.0
76500,70657.0
80000,61584.5
93000,88149.4
67750,67056.0
200000,213694.0
143200,141795.0
278000,263120.0
194000,91135.0
150000,146348.0
172800,153180.0
330000,303975.0
350000,172705.5
54000,52898.0
119500,116953.95
149500,136664.0
144000,147453.0
30000,42841.0
104300,103965.0
90000,88240.0
105500,104448.0
147500,150654.0
165000,147814.0
110000,86881.5
139000,123871.0
67500,90508.0
85600,82982.0
100000,93520.0
63500,61402.0
65700,64428.5
51000,52372.5
44000,45091.5
36000,33302.0
210000,127019.0
270000,141717.0
73700,66888.0
113000,107920.0
109700,107640.0
176000,192587.0
239000,210546.0
124500,87103.5
134000,125548.0
154500,123472.5
106000,99448.5
102500,100458.5
58000,57811.0
160000,155205.0
96500,82983.4
117600,114611.45
144000,140911.0
142000,139799.0
138000,139500.0
144000,139624.0
147000,139658.0
128000,114920.0
95800,95288.0
108000,122866.0
83000,81588.0
78000,76457.5
60000,59178.5
99000,98868.0
174000,209180.0
122000,117998.0
136000,129433.0
109000,156228.0
73500,70534.0
78000,76886.9
58900,58762.68
47500,49309.91
132000,128918.0
130000,128918.0
170000,160576.5
149500,116548.0
145000,153398.5
125000,113636.0
110000,94172.5
109500,95075.5
132000,132467.0
150500,144728.0
69900,69498.0
68800,68927.0
86000,79314.0
84500,70824.0
51500,57265.0
49000,57447.8
70000,76506.7
68500,71312.0
110000,114584.5
54200,55238.0
101000,101490.0
141800,97045.0
75800,72733.0
59500,59857.0
161000,154225.0
125000,117688.0
125000,118782.5
155000,160977.0
133500,129990.0
232500,218945.0
232000,217615.0
285000,255804.0
214000,153062.5
161000,59042.49
163000,56984.42
121000,127826.0
250000,203155.5
97000,85564.95
150000,118381.0
175000,177042.0
73000,85784.0
55000,57319.0
110000,90520.0
108500,68328.0
118000,89608.0
97500,93366.0
125000,119029.5
103000,78788.5
75000,77656.0
146000,115557.0
103000,113515.0
105000,104953.5
71000,90628.0
91000,93201.88
105000,114286.0
70000,51748.9
104500,114316.0
111500,104290.0
81500,79862.0
61000,67203.0
54800,53454.37
134800,123453.0
79500,74786.0
97000,74200.5
224000,217093.0
235000,98090.5
235000,104426.5
200000,100104.5
197000,100034.5
246000,105321.5
210000,202129.0
260000,248210.0
300000,136961.0
260000,190872.5
260000,248305.0
81500,86490.0
164000,157633.0
195000,124787.5
195000,124787.5
188000,209540.0
125000,108878.5
125500,107620.5
150000,123387.0
110000,106548.0
122000,119940.0
99300,100866.0
65000,89675.04
153000,147500.0
29800,27858.0
102400,100396.0
33500,47483.0
41300,38932.0
35900,36006.0
37000,35349.0
48000,44357.0
95500,89037.5
136000,135870.0
185000,181870.0
108000,107850.0
179000,175311.0
65000,64012.0
69400,72201.5
57500,53502.0
95000,130979.0
96500,131512.0
77800,74548.0
161500,173011.0
437000,444150.0
310000,252408.0
50000,55830.5
90000,90261.5
237000,215235.0
128000,123790.0
171000,150764.0
103500,103113.0
92000,84963.0
56000,46124.0
94000,84542.0
165000,156699.0
104000,110801.0
141800,129992.0
91000,87752.0
52000,43977.0
56500,55285.5
51000,46240.5
148500,137562.0
122000,109940.0
105000,98587.0
88000,76235.0
84000,83334.5
105000,100577.0
68000,93184.0
125500,152625.0
209000,243945.0
93000,92514.0
164500,168235.0
120000,120607.0
47000,65046.5
34000,38879.5
82000,79054.0
128000,132495.0
103000,90679.0
45000,39633.5
93000,92852.5
133500,132938.0
107500,105882.0
133000,119274.0
150000,149229.0
114000,62876.0
188000,193031.0
70000,66559.0
52000,51648.0
58200,57762.5
87000,105316.0
124000,120708.0
25500,26258.0
93000,85779.5
17000,16422.0
102500,93895.0
122000,105132.0
65000,56571.8
69700,68098.0
66000,57271.5
99500,90874.0
65800,43057.5
94500,58907.0
135000,134130.0
101000,94663.0
100000,98625.0
75000,68730.0
93000,89391.5
144000,149076.0
91000,82581.0
89000,60045.5
72000,68098.0
89500,87697.5
201000,183786.0
138000,135925.0
124500,79809.5
135000,141065.0
535000,545625.0
600000,573885.0
198000,180130.0
189000,176316.66666666663
94000,81485.5
61000,73585.0
202000,204895.0
81200,79792.0
310000,310475.0
344000,310899.0
101000,170326.0
65000,62097.0
12500,12079.166666666664
92300,94734.0
81800,74459.0
82000,73484.5
52700,50861.0
397500,372110.0
102000,109621.5
80000,76786.0
61000,62985.0
93000,88900.0
87500,83135.0
106000,103608.0
150000,80752.0
81000,70585.0
36000,36044.5
18800,17088.5
158000,93525.94
83000,84357.0
112500,94342.5
17900,19872.0
104000,98302.0
80700,79507.0
84000,61611.5
72000,66862.0
50800,46927.0
65500,64250.0
101500,101649.0
127500,108871.5
158000,121647.0
115000,56300.5
115000,118820.5
130000,122190.0
123000,112300.5
39800,42411.5
37500,35188.5
34400,35127.5
63000,62369.0
127000,127436.0
59500,62054.0
99000,101159.0
272000,123885.0
95000,91373.0
70000,71929.0
99000,76553.0
101000,81798.0
80000,72123.0
99000,116286.0
84000,86062.0
69500,66046.0
47000,45847.0
70500,69714.5
84000,79145.0
104000,107546.0
45500,44084.5
53700,52374.0
52000,45272.0
100000,95033.0
115000,91962.5
112000,107707.0
115000,110587.0
215000,104120.0
113000,110213.0
107500,98310.0
230000,199950.0
360000,261400.0
347000,314757.5
250000,245007.0
70000,64064.0
80500,78659.0
58750,68634.5
223000,104140.0
120000,117865.0
162500,159065.0
95000,90608.0
83500,73245.0
52800,52402.0
69700,78646.0
79500,75310.0
262000,251825.0
82500,76936.5
83000,79479.5
107000,111170.0
86000,85478.0
80000,70848.0
100000,96539.5
29800,33942.0
78000,62138.0
48500,56253.0
85800,83125.5
105000,98267.0
127000,123705.0
113000,109280.0
34700,35704.0
51000,50995.0
70000,68626.5
63900,61874.0
117400,109523.0
77500,77064.0
74000,77354.0
91000,83850.5
141000,133915.0
60000,68947.0
66000,77965.5
58500,56844.0
140000,67813.5
108000,109444.0
60000,60220.0
170000,140374.0
152500,149934.0
164500,162160.0
70000,71377.4
156000,151254.0
249940,254985.56
58000,66297.41666666667
71500,77387.0
89000,108225.5
84000,72184.0
102300,92409.0
84000,83228.0
153000,138803.0
294000,297651.0
346000,324450.0
170000,166980.0
75000,72818.0
61500,74137.0
63500,71705.0
132100,133929.2857142857
144500,128172.0
160000,154725.0
174000,159905.0
165000,154410.0
70600,62380.0
65700,58843.5
42000,44059.0
90500,106199.5
130000,128269.0
162000,156740.0
150000,159601.0
131000,128330.0
159800,164895.0
204500,181764.0
86000,63650.5
84500,89272.0
89500,79898.0
140000,132504.0
194500,180334.0
261500,270861.0
90500,88494.0
130000,140750.0
119000,111831.0
86000,139917.0
81000,75764.0
63500,64286.0
75000,88102.0
106000,103796.0
275000,275311.0
100000,100452.5
163000,136805.0
392500,384509.98
105000,104336.0
148500,85674.0
333000,236417.2
398000,253480.3
215000,213810.0
100400,100606.0
110000,109932.0
219000,209385.0
270000,267643.9
82000,72478.5
71000,81966.72
106700,96212.0
118000,113610.0
117000,119214.0
84000,80711.5
145000,124969.0
102000,77290.0
98500,122967.5
150000,146623.0
118000,90672.0
99500,117496.5
112300,104975.5
116000,122040.0
105000,98849.99999999999
86000,75595.0
76200,58905.4
110000,112274.0
119500,112274.0
80500,90683.0
88500,75715.0
70500,75017.5
89500,89655.0
129000,125267.0
129000,124448.0
115000,93292.0
63000,60358.0
73400,85258.0
77000,85258.0
108000,82214.5
149000,150436.0
69700,65078.5
130000,100629.0
109000,116874.0
103500,98254.0
192000,178345.0
155000,148344.0
32300,29053.0
92000,85845.5
82700,35194.3
169700,159865.0
159000,151734.0
157000,155690.0
68500,69103.0
92000,107684.0
26900,28136.0
45000,48191.5
52500,72201.5
53200,50702.0
41000,41793.5
87800,80733.0
91000,83364.4
44000,43110.5
81000,68736.5
31500,37627.0
47200,43689.0
67500,42750.0
85000,80740.0
64000,73216.5
64000,74558.5
36800,34365.0
60000,53509.04
100000,93718.0
41500,42226.0
92000,93763.0
91500,86906.0
59300,65168.5
100000,84974.0
38300,37910.0
100000,97122.5
84800,78809.0
67800,66289.0
89000,111193.98
62500,60515.0
49000,45682.5
47700,46167.5
51000,38945.5
48000,54329.0
40000,34410.0
31700,45532.0
58000,70447.0
64750,66060.0
73000,74872.0
64400,69182.0
119750,61231.0
68800,62608.0
48000,50788.0
43000,42036.0
46000,40897.5
35800,34743.0
73750,69960.5
49300,45162.0
89500,83566.0
58800,61424.5
69000,66175.2
69500,66130.5
119000,114942.0
70000,72942.0
139000,120654.0
67500,100375.0
99500,118346.0
119500,126011.0
115000,125616.0
95000,93682.0
95000,82187.0
90000,93749.0
81000,84859.0
66750,54670.5
95500,104803.98
78000,59591.94
125000,120179.0
128500,120166.0
80000,113045.0
125000,115100.0
114500,110295.0
209500,185445.0
170000,145286.0
212500,168826.0
189000,176261.66666666663
116800,95512.0
105000,114492.0
85000,100008.5
65000,65572.5
78000,75039.0
99500,114252.0
105900,102320.0
100000,71286.5
77500,111851.0
97800,95089.0
111000,100801.0
116000,107138.0
126000,127545.0
140700,65237.5
116000,119956.0
100000,91758.0
100000,93893.6
124500,105095.0
106500,84426.0
129000,108511.5
129000,124580.0
133500,124980.0
245000,206500.0
120000,107441.0
42000,41793.5
64500,90141.0
76000,51457.2
88000,83675.5
90000,88308.38
73000,62956.0
129000,96731.0
64000,62513.0
123400,93298.32
107000,99368.5
117000,118146.0
120000,117438.0
52000,39644.5
135000,127725.0
63500,72392.0
109000,108139.0
84600,84764.0
79000,68987.0
31000,36095.37
44000,42039.5
45250,43770.0
71500,84177.0
65000,78780.5
35700,32294.5
89000,107996.5
46200,45899.0
45500,44704.0
142000,131254.0
89000,91114.0
218500,70264.0
110000,108029.0
115000,104343.0
112000,84567.0
89500,82800.0
161000,130941.0
125000,79799.5
119000,114457.0
75000,68677.0
137250,131368.0
121300,112012.0
118500,136866.0
73000,103143.0
97500,96488.0
103000,82205.0
125000,117280.0
138800,140058.0
134500,113848.0
114000,147772.0
96000,99077.0
69900,61182.0
149000,123815.0
84500,84927.0
183000,175713.0
204500,217843.0
108500,87009.0
125000,120834.0
130000,89970.0
82700,71795.0
106000,100693.0
99000,96955.0
94500,99614.5
97800,81205.0
73000,76193.5
83000,82892.0
97000,90753.5
65000,66254.5
94000,165943.0
80700,72552.5
115000,110646.0
117000,120100.0
155000,161725.0
45000,46700.0
62700,59085.0
95000,95025.0
58000,76223.42
235000,221459.2
150000,146381.0
171500,233910.0
190000,180348.0
190000,181408.0
267000,228426.0
375000,345590.0
330000,309785.0
102000,105186.5
95000,106670.0
127000,130236.0
520000,479399.98
115000,68140.0
56000,56816.5
187000,171335.0
208000,199425.0
281000,269015.0
239000,235539.0
337500,350565.0
147500,140087.0
152000,149363.05
267000,266339.0
151000,146000.0
159700,153972.0
545000,467500.0
376000,318658.0
201500,185020.0
221000,219353.0
174000,170190.0
110800,101828.0
190000,122912.5
183000,185833.0
213000,180256.0
246000,252245.0
255500,254305.0
220000,201055.0
233500,221314.0
187000,190875.0
164000,156828.0
142000,133042.0
144000,137272.0
222000,224586.0
210000,209586.0
117000,123255.0
143000,140827.0
269000,122270.0
182200,128694.0
47500,38855.0
162000,163649.0
185000,159732.0
200500,127669.0
95000,89286.0
87000,82405.0
57800,57707.0
189000,163125.0
162000,126230.5
152500,125116.5
142000,114894.0
107800,103703.0
147500,140966.0
218000,194906.0
170000,158148.0
140000,127043.0
125000,113746.0
111000,113050.78571428571
95000,90954.0
114500,107992.0
109000,68747.5
122000,96757.0
55800,51254.9
174500,171871.0
160000,118961.0
188000,181277.0
134000,125145.0
128000,105382.0
89000,83177.5
74500,74518.0
56500,58858.0
57000,55688.0
70000,69148.0
145000,154333.0
177000,187075.0
177500,149912.0
178400,146989.0
185000,150573.66666666666
110000,107716.0
81000,80658.0
104000,100261.0
228000,104630.0
224800,104800.0
125000,96665.0
225000,104550.0
144000,128096.0
250000,274792.54
256000,247730.0
160000,157627.0
138000,114404.0
151000,148539.0
160250,88660.5
143000,131517.0
127000,122629.0
130000,112996.0
64800,65442.0
102000,155466.0
86500,52733.0
185000,177410.0
192000,177195.0
98000,89617.0
72500,74076.0
88000,81860.0
111500,108596.95
92000,86650.0
320000,291375.0
250000,270781.0
103500,75345.0
81000,76491.0
117000,108795.0
150000,141219.0
113000,106942.0
121500,113765.0
145000,150758.5
119000,114004.0
69700,58198.0
80000,96321.0
83000,61559.5
47000,46835.5
52000,50805.5
77500,71144.5
104000,98676.0
91500,90631.5
62500,52194.0
380000,359259.8
219000,196969.96
99500,116324.0
103000,117086.0
117000,125210.0
71800,72926.0
129000,117968.9
70500,92928.0
74000,72525.0
107500,111548.55
135000,131018.0
114000,108357.0
110000,80136.0
90000,120405.49
109000,85937.0
81000,85550.0
164500,151575.0
125000,108425.9
151000,147802.0
95000,90131.5
59200,57552.0
84800,62208.0
59700,54083.0
98000,96960.0
93000,169914.0
85500,86364.0
133000,129655.0
159000,134347.0
133000,130255.0
117500,118795.0
137000,149342.0
86500,108399.5
87000,108399.5
302000,298116.0
143000,170112.5
120000,120578.0
121800,111914.0
145000,137629.0
125000,139895.0
94000,88009.0
127000,132767.0
66000,64066.0
71500,72325.0
53800,51977.0
63500,61408.0
64100,85992.2
65000,65740.0
87500,56410.3
210000,261610.0
150000,141832.5
105000,80286.0
81000,75536.46
113400,107662.0
57500,56338.0
124500,116156.0
121000,116190.0
75000,69448.0
64000,56061.0
72700,71811.0
16000,16902.0
120000,134890.0
59000,75742.5
45000,40974.5
96000,94841.0
72000,73508.0
90000,83258.4
112000,60074.5
54000,53292.0
60000,53437.0
183500,111500.5
130000,116723.0
103000,92312.0
235000,223225.75
285000,266420.0
89000,83492.5
270000,282259.0
120000,117056.0
10200,10375.5
332500,287615.0
100000,97884.5
108000,103940.0
97500,68642.0
163000,141388.0
75000,71064.1
238000,226571.28
163500,167425.0
59800,56381.0
48000,48131.0
106000,100896.0
133500,135160.0
68000,66910.0
210000,215738.0
105000,99655.0
251700,226820.0
74000,80525.0
73000,58064.0
99000,95580.5
20300,19387.0
53900,92751.5
101000,94719.5
100000,95347.5
97000,109694.0
86000,94725.0
98000,109619.0
145000,155038.0
170000,153405.0
205000,194435.0
139000,142760.5
84000,66594.5
109500,115966.0
151000,147655.0
133000,127102.0
88000,60343.0
80200,81564.0
85500,79788.0
120000,92093.5
110000,107888.0
72850,70958.0
80000,70525.0
56000,61524.5
74000,71807.0
258000,211964.0
81000,71038.0
93000,66938.0
47900,41499.0
69500,65040.0
91500,88486.0
86000,82974.5
79500,90602.0
84000,82407.0
50000,76048.0
76000,81644.0
53000,51067.5
263700,264186.0
218500,204285.0
214000,204375.0
400000,210138.5
200000,99981.5
229000,205884.3
180000,157720.0
125000,117863.0
107500,104447.0
32000,38287.5
61500,72706.0
79000,74917.0
109000,117473.0
370000,349120.0
290000,262520.0
133000,127925.0
226000,199036.03
149000,115815.0
129000,105260.0
109900,82052.5
88400,76634.5
140000,129150.0
170000,162395.0
125000,111876.9
85700,82603.74
130000,128473.0
140000,149195.5
116000,119608.0
110200,126169.0
142000,139353.0
143000,109414.5
63500,60100.0
58000,61715.0
81800,63531.5
66000,75701.0
185000,178508.0
148000,148335.0
86500,81550.5
97000,109921.5
50000,57935.0
135000,74688.0
99000,98282.0
43000,50895.0
122000,126971.0
59000,76573.0
92000,70710.0
83700,83091.0
111000,107085.5
100000,79817.0
246000,226445.0
82200,78652.0
64500,50078.5
114000,103251.5
79500,73853.0
47000,50100.5
165000,151573.0
93500,104593.0
69000,75442.5
34500,40352.0
59900,61075.0
519000,486935.0
45600,45073.5
90500,88806.0
160500,173915.0
104000,90117.0
130000,107763.0
89500,89147.0
168500,152880.0
99000,80191.0
97800,76315.5
210000,211486.0
92500,97228.0
110000,101917.0
150000,151907.0
151000,150946.0
96000,80463.5
195000,194955.0
372000,360867.0
38000,38200.0
99500,113967.0
100000,104650.0
150000,147291.0
116300,118173.0
320000,298950.0
50000,47315.0
119000,112897.0
115000,111497.0
180000,97945.0
420000,367710.0
548000,547620.0
49800,52883.0
153500,155981.0
201000,161279.0
215000,360360.0
103900,103805.0
15300,16039.5
251000,241134.8
212000,145013.0
178000,118029.5
19800,19696.5
69000,66183.6
10000,10258.6
181000,211207.0
152000,135060.0
45900,35729.0
51500,56443.0
144500,135424.0
130500,127708.0
38000,34943.0
94000,99120.0
92000,87633.0
83000,81101.0
128000,127121.0
68000,65322.5
119000,108282.5
103500,100353.0
28000,35956.0
110000,105295.0
64500,64294.0
89000,81089.61904761907
127000,116291.0
38500,38836.0
75000,73432.0
132500,125418.0
37000,39940.0
87800,84838.0
116700,109953.0
112500,108629.0
135500,129775.0
170000,164585.0
115000,108232.0
74700,72947.5
51200,38942.5
121000,109792.0
85500,76682.5
76000,59725.0
91500,105495.48
284000,272491.0
50000,59926.5
79800,74430.0
98000,100303.0
82000,81708.0
220000,218350.0
297000,141538.0
328000,310495.0
315000,290605.0
99500,102416.0
41000,41895.0
70000,86436.5
35500,46318.0
98000,103841.0
187000,171763.0
64000,65532.0
81000,82065.0
100000,93046.0
74500,71316.5
98500,95407.5
94000,97868.0
68500,62819.0
52000,54487.08
105000,94427.0
69000,69451.0
15000,14628.0
204000,191277.0
118500,96646.0
73000,93224.2
93000,93386.0
120000,114871.0
95000,85783.5
130000,123060.0
580000,558850.0
79000,110791.8
130000,127478.0
36000,38432.0
205000,155745.0
125000,108048.0
138000,138482.0
143000,137491.0
170000,125480.0
180000,163513.5
164100,136759.5
210000,199735.0
315000,246246.5
88000,74677.0
208000,169135.0
144500,136555.0
81400,79610.0
150000,146360.0
82000,78298.0
135000,127182.0
49300,51854.5
195000,232602.0
184000,145625.5
110000,102491.0
133000,98004.0
150000,125497.0
168000,155447.0
148000,145011.0
119000,124106.0
73800,72707.0
82000,80377.0
75000,72603.0
94500,107488.0
97800,110086.0
92800,79888.0
100900,92535.0
86500,81229.0
9200,9781.5
158500,155590.0
96000,99903.0
86500,86848.0
91000,86121.0
120000,117158.0
117000,121200.0
98000,97958.0
73800,68284.0
54800,53161.0
34000,31864.0
150000,117311.0
36200,37476.0
249000,172634.0
83000,79780.0
62000,69412.0
83000,85817.0
120000,84235.5
107000,103491.0
138000,128018.0
80000,87950.0
45700,48855.5
180000,162735.0
70000,49887.0
103500,173005.0
90000,89206.0
114500,111941.5
107000,118383.0
124500,117222.0
76000,78302.0
101000,94172.0
89500,86866.0
88500,89964.0
109500,112479.0
50000,66445.5
54500,54089.0
109500,112479.0
90000,92079.0
71500,68890.0
48400,43620.0
66800,59706.0
94500,96587.0
12800,12041.166666666664
65300,66057.5
67000,79238.8
80750,82939.24
320000,293440.0
65000,67019.0
265000,285726.0
235000,215372.0
114300,104207.0
65000,63845.5
218000,266855.0
88000,89521.0
67000,69393.0
29500,31138.5
125000,114577.0
91000,85886.0
49300,54089.0
75700,79898.0
39700,43368.0
144000,136189.0
147000,149210.5
49500,50719.0
45000,41751.0
140000,127882.0
105000,113023.5
239000,140965.5
50000,41881.5
61500,51141.0
38000,36627.5
93000,134333.0
55000,58763.0
25970,31484.0
103000,99982.0
64000,67466.0
33900,36758.0
170000,157255.0
104000,107090.0
89000,86266.0
50000,57935.0
158000,147510.0
93500,94724.0
164500,161975.0
125000,113322.0
151000,151350.0
226000,154537.0
232000,225465.0
14500,14794.0
58500,67744.0
78000,72418.0
126000,119112.0
109500,98087.5
112000,95198.5
212000,193667.5
190000,221519.0
390000,383194.98
83000,81329.0
150000,147175.0
188000,163103.0
325000,308555.0
570000,551080.0
576000,547530.0
350000,352550.0
111000,97305.5
97000,92115.9
129500,82570.0
132000,78258.5
195000,216834.0
273000,269083.7
245000,176134.0
328000,232886.1
305000,282210.0
297000,292329.0
297000,289895.0
56000,52625.4
45500,43710.0
220000,197738.0
95000,93336.0
240000,230755.0
38000,44311.92
104000,102337.0
91500,93988.0
272000,267672.0
217000,209990.5
208000,207359.0
53500,51054.0
16000,18791.0
67500,67635.0
129000,123350.0
60000,58475.0
114500,114795.0
32900,38795.5
80000,86762.5
107000,105810.0
170000,160060.0
67000,72041.0
73000,78750.0
83000,65745.0
60000,64016.4
209000,207856.0
83000,77619.5
50000,39821.0
49500,38375.5
47000,37924.0
147000,127631.0
123000,118477.5
120000,128053.0
127000,123940.0
59000,54198.0
66500,65015.0
122000,127663.0
74500,71828.0
120900,110611.5
84000,83012.0
73800,68665.0
59500,74489.0
89500,84232.0
125000,134988.0
94000,108625.0
66000,64703.8
71000,67225.5
74500,70643.5
210000,200337.0
314000,268852.5
53800,57346.0
329000,316670.0
248500,204512.0
42200,42639.0
60000,69901.5
140000,148477.5
140000,141856.0
116000,96358.0
95000,106564.0
189500,181088.0
203000,208384.0
212000,210765.0
92500,90284.0
50000,49382.0
126000,109579.0
120000,106063.0
90000,84052.0
104000,97800.0
103000,90631.0
88000,104159.0
141000,134348.0
137000,121047.0
72000,73467.5
144000,150783.0
161500,143260.0
260000,124360.0
119900,91499.5
266000,123190.0
65000,75894.0
82000,67339.5
196500,141329.0
117500,115208.0
129500,129518.0
190000,172017.0
104000,104815.0
72500,72330.0
86300,86063.0
100300,93467.0
143500,100515.0
125500,115711.0
40700,49128.5
276500,141918.0
88900,80400.0
76000,81195.0
115000,99211.5
92000,93415.0
52500,51057.5
250000,222545.0
232000,246437.84
167000,150990.0
380000,385694.2
62500,62485.0
131000,126954.5
195000,176522.0
132500,127964.0
83000,80947.0
151000,124623.0
97800,45289.5
73000,73035.0
106000,102793.6
78500,76067.0
94500,86780.0
100000,93426.08
165000,150406.0
65500,67340.0
55000,52987.0
85500,73222.0
84500,91996.0
105000,78353.0
49000,55233.5
49000,48312.0
49000,52987.0
145000,140925.0
69500,70366.5
125000,114956.0
97000,104454.0
52000,50880.0
49000,41512.5
125000,129985.0
87000,80275.5
52000,50533.0
54000,66654.0
34500,19704.5
99000,73083.0
90000,85418.5
150000,149327.0
100000,84401.0
65000,112614.0
75500,71861.2
105000,94004.5
85500,78883.0
105000,105539.9
62000,62992.0
48500,51611.5
54800,57819.0
40700,38104.5
220000,195730.0
61000,60971.04
71000,65542.5
150000,169179.1
84500,90483.0
83000,75804.5
120000,99703.0
135000,80993.0
66800,60587.0
51000,55597.5
79000,79092.0
69000,72023.0
85700,85506.0
32000,35166.0
79000,86101.0
104000,120258.0
99500,89175.4
76300,70234.5
78000,88787.0
80000,80421.0
158500,122661.0
154000,149014.5
165000,164762.0
74900,94450.0
15000,12048.0
104500,110279.55
110000,104663.5
68500,65430.0
55000,37437.0
125000,114448.5
91500,95681.5
295000,286148.0
49000,48908.0
41000,40118.0
59000,58009.6
109000,109215.5
60000,60436.0
132000,125978.0
142000,141344.0
112000,147512.0
9800,12837.5
106800,104454.0
89500,87015.0
82000,69395.0
67000,64654.0
9800,12837.5
110000,107475.0
45000,49393.58
64000,63276.48
89700,76563.3
9600,13022.0
72500,70494.0
97000,76947.5
140000,146331.5
107750,103660.0
225500,218266.0
104500,106555.0
153000,140265.0
140500,129455.5
46000,42382.0
105000,96797.0
146500,82294.5
26500,39921.0
115000,93699.0
48000,56328.0
226000,220628.0
229000,218679.0
102000,101633.4
164500,154015.5
140000,138010.0
220000,207471.0
81500,79629.0
200000,99176.5
125000,125897.0
230000,105588.5
206000,180140.0
393000,209438.5
210000,203550.0
51000,49705.0
47000,39827.0
92500,89975.0
136500,142973.0
89900,84519.0
370000,373030.0
193000,183220.0
148700,81669.0
377000,377840.0
58500,61757.0
48500,56440.0
68500,65806.0
67000,68044.0
180000,122420.0
194500,180166.0
128000,125048.0
122000,120971.5
61500,57157.0
58000,57358.0
102500,105207.0
104500,104967.0
402500,403400.0
60000,68814.0
99000,105207.0
53000,33197.17
93000,86529.0
90000,87073.0
38100,40194.0
47500,46530.9
80000,76286.0
75500,66287.0
114000,128703.0
95000,92489.0
171000,153870.0
84700,81527.0
60000,86922.0
105000,104903.0
64000,64416.5
92500,92885.0
152000,136585.0
70000,68218.0
74500,74457.0
110000,107207.0
83000,80494.0
89000,86686.0
52000,54058.0
66300,60536.5
52850,57101.0
34000,37491.0
104700,79561.0
62000,81635.0
56500,60720.0
57000,54330.0
62000,67175.0
60900,61719.0
51400,51491.0
161000,154383.0
270000,227891.0
202000,188491.5
53000,52946.0
121000,87794.0
254000,221116.0
98000,79184.0
160000,159182.0
114500,94404.5
83500,99822.0
255000,223834.0
125000,130745.0
101800,89001.5
119500,122904.0
57000,69848.0
45500,46532.0
87000,82190.5
96000,89829.0
102000,102149.0
136500,133904.0
85000,84924.0
208000,199359.0
45000,79079.0
84000,56294.3
39000,60697.12
115000,112565.0
270000,282282.0
147000,140380.0
55500,66629.0
136000,126800.0
194000,118347.0
190000,185543.0
92500,74049.0
52400,55395.0
63250,65579.0
122500,79602.0
118000,112457.0
57700,55960.0
71000,65237.0
169000,195196.0
105000,105075.0
143000,154513.0
30000,28777.0
140000,154898.0
69700,62747.0
69000,65900.0
134500,129625.0
289500,275248.0
221000,207366.5
65000,61792.0
45000,70870.0
61000,69411.5
80500,81081.0
71300,70828.0
63400,61376.0
60000,60204.5
105000,104931.0
273000,261924.0
51400,50485.5
77000,56638.0
153000,142907.0
48000,42629.0
80000,79817.0
82000,84618.0
64000,63636.0
76200,71812.0
13900,13235.0
13000,13177.5
57700,53715.0
97500,95103.5
66000,64191.0
54800,56618.0
165000,156189.0
129000,118297.0
100000,101701.0
85000,98389.0
50000,47195.0
135000,119330.0
136000,127593.0
93400,84851.0
33000,48208.0
122000,117984.0
122000,124112.0
69800,84977.0
115000,110905.0
74000,65325.0
132500,126157.5
148000,81616.5
50000,68476.0
138000,108061.0
165000,127838.0
205000,187410.0
275000,296683.0
160000,145411.0
133000,126368.5
114500,110771.0
96000,88493.0
57500,53731.5
59500,57059.0
100000,116301.0
103000,95134.9
890000,857760.0
84500,87972.0
45000,42680.0
62000,61872.5
50000,71408.5
43000,50898.5
40500,42291.0
62900,68713.5
94800,88213.0
122000,118100.0
64500,64317.0
71000,55207.5
85000,76388.0
84700,95488.5
196000,123035.5
72500,73740.0
165000,178935.0
117500,114420.0
279000,274555.0
64700,61623.0
112000,106747.0
126000,129283.0
247000,236501.0
100000,93326.0
120000,120316.0
30000,31976.0
69500,70299.5
56000,57562.0
120000,118611.0
107000,126869.0
245000,176439.0
100500,94680.0
185000,172910.0
180000,176750.0
134500,131839.0
120000,101429.0
120000,115897.0
165500,154135.0
175000,146082.0
186800,146671.0
86000,79922.5
375000,221830.0
131000,121541.0
70000,66622.0
177000,252915.0
122500,163891.0
83000,79328.0
62900,62447.0
193000,229608.0
113000,109870.0
215000,200960.0
64000,68341.0
122500,123900.0
170000,159218.0
183000,157810.0
95000,84658.0
123000,110585.0
81000,79846.0
